flight_id,start_frame,end_frame,origin_track_ids,primary_origin_track_id,crossed_sides,crossed_sides_confidence,likely_net_hit,ended_near_net,counts_as_shot,counts_in_shot_stats,shot_id,dedupe_reason,reason_codes,net_crossing_frame,landing_x,landing_y,landing_confidence,bounce_frame,bounce_x,bounce_y,bounce_z,bounce_score,bounce_mode,bbox_source_x,bbox_source_y,bbox_source_w,bbox_source_h,bbox_sink_x,bbox_sink_y,bbox_sink_w,bbox_sink_h,bounce_hq_frame,window_frames
0,20,31,2,2,0,0.0,0,0,0,0,,,low_displacement,,2.466803639870562,5.68206929035063,0.9458777683911579,,,,,0.0,,,,,,,,,,,"20,21,22,23,24,25,26,27,28,29,30,31"
1,41,60,"5,4,6,8",5,1,0.7,0,0,1,1,0,,,51,4.678114680716469,9.503081964550141,0.8954062211327124,,,,,0.0,,,,,,,,,,,"41,42,43,44,45,46,47,48,49,50,51,52,53,54,55,56,57,58,59,60"
2,61,135,"8,7,9,12,11,13",12,0,0.0,0,0,1,1,1,,,,,,0.0,76,4.5832393473166695,8.833936033246317,0.017865027904583997,0.7310752753277514,valley,916.0,393.0,19.0,26.0,795.0,367.0,25.0,26.0,,"61,62,63,64,65,66,67,68,69,70,71,72,73,74,75,76,77,78,79,80,81,82,83,84,85,86,87,88,89,90,91,92,93,94,95,96,97,98,99,100,101,102,103,104,105,106,107,108,109,110,111,112,113,114,115,116,117,118,119,120,121,122,123,124,125,126,128,129,130,131,132,134,135"
3,1449,1479,"18,19,20,21,22,23",19,1,0.8571428571428571,0,0,1,1,2,,,1463,,,0.0,1476,1.3398938927348272,0.8238580447322157,0.09941051408359414,0.6696869285832401,valley,680.0,180.0,25.0,26.0,472.0,191.0,25.0,26.0,1494,"1449,1450,1452,1453,1454,1455,1457,1458,1459,1460,1461,1462,1463,1464,1465,1466,1467,1468,1469,1470,1471,1472,1473,1474,1475,1476,1477,1479"
4,1488,1530,"24,25,26,28",26,1,0.5263157894736842,0,0,1,1,3,,,1502,,,0.0,1519,2.7023554250223008,11.201143248111588,-0.04245392054911434,0.6831797618959736,valley,660.0,543.0,22.0,26.0,627.0,558.0,22.0,26.0,1537,"1488,1489,1490,1494,1495,1497,1498,1499,1500,1501,1502,1503,1504,1505,1506,1507,1508,1509,1510,1511,1512,1513,1514,1515,1516,1517,1518,1519,1520,1521,1522,1523,1524,1525,1526,1527,1528,1529,1530"
5,1532,1567,29,29,1,0.75,0,0,1,1,4,,,1553,,,0.0,1560,1.6845001042463834,4.9860178377039155,0.17626491717972526,0.6311832485508697,valley,666.0,247.0,11.0,18.0,489.0,258.0,19.0,26.0,1578,"1532,1533,1534,1535,1536,1537,1538,1539,1540,1541,1542,1543,1544,1545,1546,1547,1548,1549,1550,1551,1552,1553,1554,1555,1556,1557,1558,1559,1560,1561,1565,1566,1567"
6,1573,1607,"30,31",31,1,0.11764705882352941,1,0,1,1,5,,,1581,,,0.0,1590,1.2053650492040613,6.755413395375569,0.18370185985229415,0.42924935499191896,valley,601.0,288.0,14.0,22.0,438.0,311.0,19.0,22.0,1608,"1573,1574,1575,1576,1577,1578,1579,1580,1581,1582,1583,1584,1585,1586,1587,1588,1589,1590,1591,1592,1593,1594,1595,1596,1597,1598,1599,1600,1601,1602,1603,1604,1605,1606,1607"
7,1639,1671,34,34,0,0.0,0,0,1,1,6,,,1640,2.49258991450984,10.166715471942965,0.6648122238834723,,,,,0.0,,,,,,,,,,,"1639,1640,1641,1642,1643,1644,1645,1646,1647,1648,1649,1652,1653,1654,1655,1656,1657,1658,1659,1664,1665,1666,1667,1668,1669,1670,1671"
8,1696,1711,35,35,0,0.0,0,0,1,1,7,,,,1.8580187656211629,13.482275141045916,0.9553224965243603,,,,,0.0,,,,,,,,,,,"1696,1697,1698,1699,1700,1701,1702,1703,1704,1705,1706,1707,1708,1709,1711"
9,1755,1765,"36,37",37,0,0.0,0,0,0,0,,,low_displacement,,1.5570572392960869,13.95676471755051,0.8800523047003422,,,,,0.0,,,,,,,,,,,"1755,1756,1760,1761,1762,1763,1764,1765"
10,1968,1975,40,40,0,0.0,0,0,0,0,,,low_displacement,,1.4186802927845843,13.743694495173406,0.9327469571089801,,,,,0.0,,,,,,,,,,,"1968,1969,1970,1971,1972,1973,1974,1975"
11,2016,2061,"41,42",41,1,0.6818181818181818,0,0,1,1,8,,,2047,,,0.0,2060,5.196498754285846,0.5607666535462812,0.09037105876882023,0.5,ground_hit_fallback,905.0,176.0,16.0,18.0,700.0,176.0,11.0,15.0,2078,"2016,2017,2018,2019,2020,2021,2024,2025,2026,2027,2028,2029,2030,2031,2032,2033,2034,2035,2036,2037,2038,2039,2040,2041,2042,2043,2044,2045,2046,2047,2048,2049,2050,2051,2052,2053,2054,2055,2056,2057,2058,2059,2060,2061"
12,2072,2109,"44,45",44,1,0.5789473684210527,0,0,1,1,9,,,2083,,,0.0,2098,3.3325253811971574,10.336079683262584,0.08604420805867541,0.648322018856366,valley,762.0,465.0,22.0,33.0,697.0,461.0,19.0,22.0,2115,"2072,2073,2074,2075,2076,2077,2078,2079,2080,2081,2082,2083,2084,2085,2086,2087,2088,2089,2090,2091,2092,2093,2094,2095,2096,2097,2098,2099,2100,2101,2102,2103,2104,2105,2106,2107,2108,2109"
13,2110,2126,"45,46,47",47,1,0.42857142857142855,0,0,1,1,10,,,2124,3.2278448898389294,-3.740263565259795,0.8821557657326673,,,,,0.0,,,,,,,,,,,"2110,2111,2113,2114,2116,2117,2118,2119,2120,2121,2122,2123,2124,2125,2126"
14,2127,2135,"47,48",48,0,0.0,0,0,1,1,11,,,2135,0.7713532332702062,14.431770434045628,0.8548830484082806,,,,,0.0,,,,,,,,,,,"2127,2128,2129,2130,2131,2132,2133,2134,2135"
15,2150,2160,50,50,0,0.0,0,0,1,1,12,,,,1.4253914697308467,13.495347851731958,0.9568685774071162,,,,,0.0,,,,,,,,,,,"2150,2151,2152,2153,2154,2155,2156,2157,2158,2159,2160"
16,2161,2175,50,50,0,0.0,0,0,1,1,13,,,,2.857265603421717,3.3329512352431863,0.8677723845548506,,,,,0.0,,,,,,,,,,,"2161,2163,2164,2165,2166,2167,2168,2169,2170,2171,2172,2173,2174,2175"
17,2181,2197,52,52,1,1.0,0,0,1,1,14,,,2189,3.045752654062061,4.20521732312982,0.9627914790714533,,,,,0.0,,,,,,,,,,,"2181,2182,2183,2184,2185,2186,2187,2188,2189,2190,2191,2192,2193,2194,2195,2196,2197"
18,2198,2217,"55,51,54",55,1,0.7857142857142857,1,1,1,1,15,,,2207,,,0.0,,,,,0.0,,,,,,,,,,,"2198,2199,2200,2201,2202,2203,2204,2205,2206,2207,2198,2199,2201,2202,2203,2204,2205,2206,2207,2208,2209,2210,2211,2212,2213,2214,2215,2216,2217"
19,2232,2247,"59,57",59,0,0.0,1,0,0,0,,,low_displacement,,,,0.0,,,,,0.0,,,,,,,,,,,"2232,2233,2234,2235,2236,2240,2241,2242,2243,2244,2245,2246,2247"
20,2256,2272,61,61,0,0.0,0,0,0,0,,,low_displacement,,,,0.0,,,,,0.0,,,,,,,,,,,"2256,2257,2258,2259,2260,2261,2262,2263,2264,2265,2266,2267,2268,2269,2270,2271,2272"
21,2288,2340,"63,66,62,64,65",66,0,0.0,0,0,1,1,16,,,,,,0.0,2311,4.122712991091475,10.430327244323735,0.07764343385957062,0.6667447310409974,valley,874.0,476.0,19.0,30.0,798.0,457.0,25.0,26.0,2329,"2288,2289,2290,2291,2292,2293,2294,2295,2296,2297,2298,2299,2300,2301,2302,2303,2294,2295,2297,2298,2299,2300,2301,2302,2303,2304,2305,2306,2307,2308,2309,2310,2311,2312,2313,2314,2315,2316,2317,2318,2319,2320,2321,2322,2323,2324,2325,2326,2327,2328,2329,2330,2331,2332,2333,2334,2335,2336,2337,2338,2339,2340"
22,2465,2479,"76,77",76,1,0.7142857142857143,0,0,1,1,17,,,2470,0.6988531722761717,2.87898718345651,0.9477572273420078,2479,1.049359633801128,3.5301670084700794,0.26589086246780114,0.5,ground_hit_fallback,635.0,206.0,22.0,22.0,441.0,228.0,22.0,22.0,2497,"2465,2466,2467,2468,2469,2470,2471,2472,2473,2474,2475,2476,2477,2478,2479"
23,2504,2524,"80,81",81,1,0.5,0,0,1,1,18,,,2508,,,0.0,2524,2.6815710001887876,10.576605073072653,-0.1621661710397344,0.5,ground_hit_fallback,672.0,502.0,25.0,30.0,621.0,525.0,14.0,15.0,2542,"2504,2505,2506,2507,2508,2509,2510,2511,2512,2513,2514,2515,2516,2517,2518,2519,2520,2521,2522,2523,2524"
24,2536,2577,"82,83,85,84",83,1,1.0,0,0,1,1,19,,,2557,,,0.0,2565,1.169317443634039,5.140083925495635,0.30693292836381136,0.6385809589192847,valley,627.0,236.0,14.0,18.0,444.0,262.0,16.0,22.0,2583,"2536,2537,2539,2540,2541,2542,2543,2544,2545,2546,2547,2548,2549,2550,2551,2552,2553,2554,2555,2556,2557,2558,2559,2560,2561,2562,2563,2564,2565,2566,2567,2568,2569,2570,2571,2572,2573,2574,2575,2576,2577"
25,2578,2602,"86,91,88,89,92",91,1,0.5833333333333334,0,0,1,1,20,,,2584,5.959964674690765,8.12141715314876,0.9498358821150424,2601,5.639896199525602,7.97577525505006,0.47602584432785733,0.5,ground_hit_fallback,1032.0,311.0,22.0,26.0,874.0,277.0,22.0,26.0,2618,"2578,2579,2580,2581,2582,2583,2584,2585,2586,2587,2588,2589,2590,2591,2592,2593,2594,2595,2596,2598,2599,2600,2601,2602"
26,2620,2638,"94,95",94,1,0.2222222222222222,0,0,1,1,21,,,2622,5.430644767259304,0.17798129096415316,0.9294483389508692,2637,5.83885584070104,0.9693066584312078,0.4379758043252977,0.5,ground_hit_fallback,950.0,161.0,16.0,26.0,736.0,146.0,19.0,26.0,2654,"2620,2621,2622,2623,2624,2625,2626,2627,2628,2629,2630,2631,2632,2633,2634,2635,2636,2637,2638"
27,2670,2687,"99,100,101,102",102,0,0.0,0,0,1,1,22,,,,,,0.0,2683,4.473762628956038,-0.5463920401462588,0.2817602725234867,0.6191908606591872,valley,,,,,,,,,2700,"2670,2672,2674,2675,2676,2677,2678,2679,2680,2681,2682,2683,2684,2685,2686,2687,2678,2679,2680,2681,2682,2683,2684,2685,2686,2687"
28,2696,2703,103,103,0,0.0,0,0,0,0,,,low_displacement,,3.499161285846437,14.202633332059246,0.9019106061030324,,,,,0.0,,,,,,,,,,,"2696,2697,2698,2699,2700,2701,2702,2703"
29,2808,2850,"104,105",105,1,0.7142857142857143,0,0,1,1,23,,,2823,,,0.0,2839,1.3871214311221056,11.287699263283436,0.04336369418514785,0.707951144353909,valley,472.0,521.0,22.0,30.0,421.0,592.0,16.0,26.0,2857,"2808,2809,2810,2811,2812,2813,2814,2815,2816,2817,2818,2819,2820,2821,2822,2823,2824,2825,2826,2827,2828,2829,2830,2831,2832,2833,2834,2835,2836,2837,2838,2839,2840,2841,2842,2843,2844,2845,2846,2847,2848,2849,2850"
30,2864,2877,"107,108,110",110,0,0.0,0,0,0,0,,,low_displacement,,1.710984869324733,13.402762580810935,0.7569809685869457,,,,,0.0,,,,,,,,,,,"2864,2869,2872,2873,2874,2875,2876,2877"
31,2896,2901,112,112,0,0.0,0,0,0,0,,,low_displacement,,1.4412870777388544,13.656584888594814,0.899865560732042,,,,,0.0,,,,,,,,,,,"2896,2897,2898,2899,2900,2901"
32,2960,2994,"114,115",115,1,0.55,0,0,1,1,24,,,2984,,,0.0,2993,4.232014862176522,3.670156219778832,0.41268762454418173,0.5,ground_hit_fallback,857.0,206.0,16.0,22.0,672.0,195.0,11.0,18.0,3010,"2960,2961,2962,2963,2964,2965,2966,2967,2968,2969,2970,2971,2972,2973,2974,2975,2971,2972,2973,2974,2975,2976,2977,2978,2979,2980,2981,2982,2983,2984,2985,2986,2987,2988,2989,2990,2991,2992,2993,2994"
33,3014,3054,117,117,1,0.3,0,0,1,1,25,,,3020,,,0.0,3043,2.3738925847616628,12.125171016169677,0.10813926655550876,0.6541642794168587,valley,579.0,615.0,22.0,26.0,585.0,648.0,22.0,26.0,3061,"3014,3015,3016,3017,3018,3019,3020,3021,3022,3023,3024,3025,3026,3027,3028,3029,3030,3031,3032,3033,3034,3035,3037,3038,3039,3040,3041,3042,3043,3044,3045,3046,3047,3048,3049,3050,3051,3052,3053,3054"
34,3055,3069,"117,118",118,0,0.0,0,0,1,1,26,,,,5.411504463051035,-2.974436368557825,0.8425814557276253,,,,,0.0,,,,,,,,,,,"3055,3056,3057,3058,3060,3062,3063,3064,3065,3066,3067,3068,3069,3063,3064,3065,3066,3067,3068,3069"
